{"stats":{"minecraft:picked_up":{"luminousworld:groundpebbles_1":1,"minecraft:crafting_table":3,"luminousworld:spuds":1,"minecraft:chiseled_stone_bricks":1,"minecraft:torch":2,"minecraft:spruce_log":6,"minecraft:dirt":13,"minecraft:dark_oak_log":3,"minecraft:raw_copper":34,"minecraft:stone_bricks":1,"minecraft:coal":20,"minecraft:cobblestone":27},"minecraft:used":{"minecraft:stone_sword":13,"minecraft:stone_shovel":13,"minecraft:stone_pickaxe":46,"minecraft:wooden_pickaxe":19,"minecraft:stone_axe":3,"minecraft:torch":2,"minecraft:crafting_table":2,"alexsmobs:animal_dictionary":1},"minecraft:mined":{"minecraft:spruce_log":1,"minecraft:powder_snow":9,"luminousworld:mossbuds_1":1,"minecraft:crafting_table":3,"minecraft:torch":2,"minecraft:coal_ore":23,"minecraft:grass_block":6,"minecraft:dirt":10,"minecraft:copper_ore":9,"minecraft:cobblestone":2,"luminousworld:groundpebbles_2":1,"minecraft:stone_bricks":1,"minecraft:stone":24,"minecraft:chiseled_stone_bricks":1},"minecraft:dropped":{"minecraft:torch":1},"minecraft:custom":{"minecraft:time_since_rest":1057,"minecraft:sprint_one_cm":7280,"minecraft:damage_taken":260,"minecraft:walk_one_cm":40328,"minecraft:drop":1,"minecraft:damage_dealt":503,"minecraft:interact_with_crafting_table":3,"minecraft:fly_one_cm":11548,"minecraft:crouch_one_cm":2268,"minecraft:play_time":16727,"minecraft:deaths":1,"minecraft:sneak_time":916,"minecraft:jump":104,"minecraft:time_since_death":1692,"minecraft:total_world_time":16727,"minecraft:fall_one_cm":627},"minecraft:crafted":{"minecraft:stone_shovel":1,"minecraft:crafting_table":2,"minecraft:spruce_planks":24,"minecraft:stick":24,"minecraft:wooden_pickaxe":1,"minecraft:stone_pickaxe":2,"minecraft:stone_sword":1,"minecraft:torch":4,"minecraft:dark_oak_planks":12,"minecraft:stone_axe":1,"quark:chute":1},"minecraft:killed_by":{"minecraft:vex":1}},"DataVersion":3465}