{"stats":{"minecraft:broken":{"minecraft:stone_pickaxe":1,"minecraft:stone_axe":1},"minecraft:picked_up":{"luminousworld:groundpebbles_1":2,"minecraft:crafting_table":3,"minecraft:black_carpet":3,"minecraft:wheat":3,"minecraft:flower_pot":1,"minecraft:birch_slab":3,"minecraft:birch_planks":4,"minecraft:enchanted_book":1,"minecraft:chainmail_chestplate":2,"minecraft:gunpowder":3,"minecraft:paper":6,"minecraft:lapis_lazuli":1,"minecraft:dirt":19,"minecraft:string":15,"minecraft:raw_copper":34,"minecraft:name_tag":1,"minecraft:white_carpet":1,"minecraft:cyan_carpet":2,"minecraft:stone_bricks":14,"minecraft:gray_carpet":1,"minecraft:iron_ingot":6,"minecraft:poppy":1,"minecraft:chest":5,"minecraft:book":27,"minecraft:oak_slab":1,"minecraft:stick":2,"luminousworld:spuds":1,"minecraft:chiseled_stone_bricks":2,"minecraft:copper_ingot":13,"minecraft:torch":6,"minecraft:spruce_log":7,"illagerinvasion:illusionary_dust":3,"minecraft:dark_oak_log":5,"minecraft:dark_oak_planks":2,"minecraft:diamond":3,"minecraft:golden_apple":3,"minecraft:gray_wool":12,"minecraft:emerald":10,"minecraft:bread":8,"minecraft:gold_ingot":10,"minecraft:light_gray_carpet":9,"minecraft:melon_seeds":8,"minecraft:coal":20,"minecraft:skeleton_skull":1,"minecraft:white_wool":7,"minecraft:cobblestone":145},"minecraft:used":{"minecraft:stone_sword":40,"minecraft:stone_pickaxe":209,"minecraft:stone_shovel":28,"minecraft:chest":2,"minecraft:wooden_pickaxe":19,"minecraft:chainmail_helmet":1,"minecraft:torch":20,"minecraft:white_wool":5,"minecraft:crafting_table":6,"minecraft:chainmail_chestplate":1,"minecraft:bread":5,"minecraft:iron_boots":1,"quark:chute":1,"minecraft:stone_axe":91,"minecraft:chiseled_stone_bricks":1,"minecraft:cobblestone":43,"alexsmobs:animal_dictionary":1,"minecraft:gray_bed":1},"minecraft:mined":{"minecraft:dark_oak_planks":2,"minecraft:oak_slab":1,"minecraft:light_gray_carpet":8,"minecraft:dark_oak_log":2,"minecraft:powder_snow":17,"luminousworld:mossbuds_1":1,"minecraft:crafting_table":3,"minecraft:torch":2,"minecraft:grass_block":7,"minecraft:chest":5,"minecraft:copper_ore":9,"minecraft:cobblestone":27,"minecraft:birch_slab":3,"minecraft:spruce_leaves":2,"minecraft:diorite":1,"minecraft:wall_torch":3,"minecraft:chiseled_stone_bricks":2,"minecraft:skeleton_skull":1,"minecraft:gray_wool":12,"minecraft:birch_planks":2,"minecraft:white_carpet":1,"minecraft:spruce_log":2,"minecraft:black_carpet":2,"minecraft:potted_poppy":1,"minecraft:bookshelf":11,"minecraft:coal_ore":23,"minecraft:cyan_carpet":1,"minecraft:dirt":15,"minecraft:gray_carpet":2,"minecraft:stone":132,"luminousworld:groundpebbles_2":1,"minecraft:stone_bricks":15,"minecraft:white_wool":6},"minecraft:custom":{"minecraft:mob_kills":10,"tombstone:raider_killed":9,"minecraft:interact_with_crafting_table":9,"minecraft:leave_game":2,"minecraft:time_since_death":36,"minecraft:climb_one_cm":2005,"minecraft:time_since_rest":1,"minecraft:sprint_one_cm":60922,"minecraft:damage_taken":2785,"minecraft:walk_one_cm":159160,"minecraft:drop":6,"minecraft:damage_dealt":3490,"minecraft:fly_one_cm":64783,"minecraft:open_chest":36,"minecraft:crouch_one_cm":8549,"minecraft:play_time":45118,"minecraft:deaths":9,"minecraft:sneak_time":3216,"minecraft:walk_under_water_one_cm":1897,"minecraft:jump":409,"minecraft:walk_on_water_one_cm":3296,"minecraft:total_world_time":45118,"minecraft:fall_one_cm":3606},"minecraft:dropped":{"minecraft:iron_ingot":6,"minecraft:torch":1,"luminousworld:groundpebbles_1":1,"minecraft:melon_seeds":6,"minecraft:wooden_pickaxe":1,"minecraft:paper":10},"minecraft:crafted":{"minecraft:stone_shovel":1,"minecraft:crafting_table":4,"minecraft:spruce_planks":24,"minecraft:wooden_pickaxe":1,"minecraft:stone_axe":2,"minecraft:bread":2,"minecraft:iron_boots":1,"minecraft:stick":24,"minecraft:stone_pickaxe":2,"minecraft:stone_sword":1,"minecraft:iron_leggings":1,"minecraft:dark_oak_planks":12,"minecraft:torch":40,"minecraft:gray_bed":1,"quark:chute":1},"minecraft:killed":{"illagerinvasion:archivist":1,"minecraft:vindicator":4,"illagerinvasion:marauder":2,"illagerinvasion:alchemist":2},"minecraft:killed_by":{"minecraft:vindicator":5,"illagerinvasion:provoker":2,"minecraft:illusioner":1,"minecraft:vex":1}},"DataVersion":3465}