{"stats":{"minecraft:broken":{"minecraft:stone_pickaxe":1},"minecraft:picked_up":{"luminousworld:groundpebbles_1":1,"minecraft:crafting_table":3,"minecraft:wheat":3,"minecraft:black_carpet":3,"minecraft:flower_pot":1,"minecraft:birch_slab":3,"minecraft:enchanted_book":1,"minecraft:birch_planks":2,"minecraft:gunpowder":2,"minecraft:lapis_lazuli":1,"minecraft:dirt":19,"minecraft:string":9,"minecraft:paper":5,"minecraft:raw_copper":34,"minecraft:name_tag":1,"minecraft:white_carpet":1,"minecraft:cyan_carpet":2,"minecraft:stone_bricks":2,"minecraft:gray_carpet":1,"minecraft:iron_ingot":3,"minecraft:poppy":1,"minecraft:chest":3,"minecraft:book":27,"minecraft:oak_slab":1,"minecraft:stick":2,"luminousworld:spuds":1,"minecraft:chiseled_stone_bricks":2,"minecraft:copper_ingot":7,"minecraft:torch":4,"minecraft:spruce_log":7,"minecraft:dark_oak_log":3,"illagerinvasion:illusionary_dust":3,"minecraft:dark_oak_planks":2,"minecraft:diamond":3,"minecraft:gold_ingot":4,"minecraft:golden_apple":2,"minecraft:bread":6,"minecraft:emerald":4,"minecraft:melon_seeds":2,"minecraft:light_gray_carpet":9,"minecraft:coal":20,"minecraft:cobblestone":137},"minecraft:used":{"minecraft:stone_sword":13,"minecraft:stone_shovel":28,"minecraft:stone_pickaxe":160,"minecraft:chest":2,"minecraft:wooden_pickaxe":19,"minecraft:chainmail_helmet":1,"minecraft:torch":14,"minecraft:crafting_table":3,"minecraft:chainmail_chestplate":1,"minecraft:bread":2,"quark:chute":1,"minecraft:stone_axe":51,"minecraft:chiseled_stone_bricks":1,"minecraft:cobblestone":7,"alexsmobs:animal_dictionary":1},"minecraft:mined":{"minecraft:dark_oak_planks":2,"minecraft:oak_slab":1,"minecraft:light_gray_carpet":8,"minecraft:powder_snow":17,"luminousworld:mossbuds_1":1,"minecraft:torch":2,"minecraft:crafting_table":3,"minecraft:grass_block":7,"minecraft:chest":3,"minecraft:copper_ore":9,"minecraft:cobblestone":3,"minecraft:birch_slab":3,"minecraft:spruce_leaves":2,"minecraft:wall_torch":1,"minecraft:chiseled_stone_bricks":2,"minecraft:birch_planks":2,"minecraft:white_carpet":1,"minecraft:spruce_log":2,"minecraft:black_carpet":2,"minecraft:potted_poppy":1,"minecraft:bookshelf":11,"minecraft:coal_ore":23,"minecraft:cyan_carpet":1,"minecraft:dirt":15,"minecraft:gray_carpet":2,"luminousworld:groundpebbles_2":1,"minecraft:stone":132,"minecraft:stone_bricks":2},"minecraft:dropped":{"minecraft:torch":1,"minecraft:wooden_pickaxe":1},"minecraft:custom":{"minecraft:mob_kills":1,"tombstone:raider_killed":1,"minecraft:interact_with_crafting_table":4,"minecraft:time_since_death":7353,"minecraft:climb_one_cm":2005,"minecraft:time_since_rest":6581,"minecraft:sprint_one_cm":16734,"minecraft:damage_taken":730,"minecraft:walk_one_cm":96364,"minecraft:drop":2,"minecraft:damage_dealt":895,"minecraft:fly_one_cm":20952,"minecraft:open_chest":10,"minecraft:crouch_one_cm":4826,"minecraft:play_time":28727,"minecraft:deaths":2,"minecraft:sneak_time":1784,"minecraft:jump":206,"minecraft:total_world_time":28727,"minecraft:fall_one_cm":2979},"minecraft:crafted":{"minecraft:stone_shovel":1,"minecraft:crafting_table":2,"minecraft:spruce_planks":24,"minecraft:wooden_pickaxe":1,"minecraft:stone_axe":1,"minecraft:bread":2,"minecraft:stick":24,"minecraft:stone_pickaxe":2,"minecraft:stone_sword":1,"minecraft:dark_oak_planks":12,"minecraft:torch":28,"quark:chute":1},"minecraft:killed":{"illagerinvasion:alchemist":1},"minecraft:killed_by":{"minecraft:vex":1,"minecraft:illusioner":1}},"DataVersion":3465}