{"stats":{"minecraft:broken":{"minecraft:wooden_axe":1},"minecraft:picked_up":{"ecologics:flowering_azalea_log":2,"luminousworld:groundpebbles_1":9,"minecraft:crafting_table":2,"luminousworld:decorative_brown_2":8,"minecraft:birch_slab":5,"minecraft:wooden_pickaxe":2,"friendsandfoes:totem_of_illusion":1,"minecraft:gunpowder":1,"minecraft:paper":22,"minecraft:dirt":17,"tombstone:gift":2,"minecraft:armor_stand":1,"minecraft:white_carpet":1,"minecraft:stone_bricks":3,"minecraft:gray_carpet":3,"minecraft:iron_ingot":6,"minecraft:glass_bottle":1,"minecraft:chest":5,"minecraft:book":15,"luminousworld:spuds":9,"minecraft:dark_oak_slab":1,"ecologics:azalea_log":2,"minecraft:chiseled_stone_bricks":1,"minecraft:torch":19,"minecraft:spruce_sapling":2,"minecraft:spruce_log":16,"minecraft:dark_oak_log":6,"illagerinvasion:illusionary_dust":1,"luminousworld:decorative_brown_mushroom_1":5,"minecraft:arrow":2,"minecraft:chainmail_helmet":1,"minecraft:emerald":3,"minecraft:light_gray_carpet":5,"minecraft:coal":26,"minecraft:cobblestone":35},"minecraft:used":{"luminousworld:spuds":1,"minecraft:wooden_pickaxe":53,"minecraft:torch":1,"minecraft:dirt":11,"minecraft:crafting_table":2,"minecraft:wooden_axe":100,"minecraft:dark_oak_log":3,"friendsandfoes:totem_of_illusion":1,"minecraft:bread":4,"minecraft:cobblestone":7,"tombstone:gift":6,"alexsmobs:animal_dictionary":4},"minecraft:mined":{"luminousworld:groundpebbles_1":6,"minecraft:light_gray_carpet":6,"minecraft:dark_oak_log":6,"minecraft:powder_snow":29,"luminousworld:mossbuds_1":2,"minecraft:crafting_table":1,"minecraft:torch":1,"luminousworld:mossbuds_2":2,"minecraft:grass_block":4,"luminousworld:spuds":10,"minecraft:chest":5,"luminousworld:decorative_brown_mushroom_1":5,"minecraft:cobblestone":1,"minecraft:birch_slab":5,"minecraft:spruce_leaves":16,"minecraft:chiseled_stone_bricks":1,"minecraft:large_fern":5,"minecraft:dark_oak_slab":1,"minecraft:white_carpet":1,"minecraft:spruce_log":17,"luminousworld:mossbuds_3":13,"minecraft:black_carpet":1,"minecraft:bookshelf":2,"minecraft:coal_ore":23,"minecraft:flowering_azalea_leaves":2,"minecraft:vine":1,"ecologics:azalea_log":2,"ecologics:flowering_azalea_log":2,"minecraft:cyan_carpet":1,"minecraft:dirt":10,"minecraft:gray_carpet":2,"minecraft:azalea_leaves":1,"luminousworld:groundpebbles_2":3,"luminousworld:decorative_brown_2":4,"minecraft:stone":22,"minecraft:stone_bricks":2,"minecraft:white_wool":2,"minecraft:fern":2},"minecraft:dropped":{"minecraft:dark_oak_log":3,"minecraft:spruce_log":5,"luminousworld:decorative_brown_2":4},"minecraft:custom":{"minecraft:mob_kills":2,"tombstone:raider_killed":2,"minecraft:interact_with_crafting_table":9,"minecraft:leave_game":2,"minecraft:time_since_death":4619,"minecraft:climb_one_cm":1696,"minecraft:time_since_rest":4371,"minecraft:sprint_one_cm":82807,"minecraft:damage_taken":785,"minecraft:walk_one_cm":231621,"minecraft:drop":9,"minecraft:damage_dealt":328,"minecraft:fly_one_cm":30658,"minecraft:open_chest":34,"minecraft:deaths":2,"minecraft:crouch_one_cm":1241,"minecraft:play_time":61026,"minecraft:sneak_time":1277,"minecraft:walk_under_water_one_cm":450,"minecraft:jump":431,"minecraft:walk_on_water_one_cm":561,"minecraft:total_world_time":61026,"minecraft:fall_one_cm":6808},"minecraft:crafted":{"minecraft:crafting_table":1,"minecraft:spruce_planks":8,"minecraft:wooden_pickaxe":1,"minecraft:bread":1,"ecologics:flowering_azalea_planks":8,"minecraft:stick":12,"minecraft:wooden_axe":2,"ecologics:azalea_planks":4},"minecraft:killed":{"illagerinvasion:provoker":1,"minecraft:illusioner":1},"minecraft:killed_by":{"minecraft:vindicator":1}},"DataVersion":3465}