{"stats":{"minecraft:picked_up":{"ecologics:flowering_azalea_log":2,"luminousworld:groundpebbles_1":1,"minecraft:dark_oak_slab":1,"luminousworld:spuds":9,"luminousworld:decorative_brown_2":1,"ecologics:azalea_log":2,"minecraft:spruce_log":10,"minecraft:dark_oak_log":3,"minecraft:dirt":1},"minecraft:used":{"minecraft:wooden_axe":34,"luminousworld:spuds":1,"minecraft:dirt":1,"minecraft:crafting_table":1,"alexsmobs:animal_dictionary":1},"minecraft:mined":{"minecraft:large_fern":5,"minecraft:dark_oak_slab":1,"minecraft:spruce_log":11,"minecraft:dark_oak_log":3,"luminousworld:mossbuds_3":13,"minecraft:powder_snow":4,"luminousworld:mossbuds_2":2,"minecraft:flowering_azalea_leaves":2,"ecologics:azalea_log":2,"luminousworld:spuds":9,"ecologics:flowering_azalea_log":2,"minecraft:dirt":1,"luminousworld:groundpebbles_2":1,"minecraft:azalea_leaves":1,"minecraft:spruce_leaves":7,"luminousworld:decorative_brown_2":1,"minecraft:fern":2},"minecraft:custom":{"minecraft:time_since_rest":14828,"minecraft:sprint_one_cm":27908,"minecraft:damage_taken":20,"minecraft:walk_one_cm":39723,"minecraft:interact_with_crafting_table":1,"minecraft:fly_one_cm":10280,"minecraft:crouch_one_cm":5,"minecraft:play_time":14828,"minecraft:sneak_time":38,"minecraft:jump":157,"minecraft:leave_game":1,"minecraft:time_since_death":14828,"minecraft:total_world_time":14828,"minecraft:fall_one_cm":2518},"minecraft:crafted":{"ecologics:flowering_azalea_planks":8,"minecraft:crafting_table":1,"minecraft:stick":4,"minecraft:wooden_axe":2,"ecologics:azalea_planks":4}},"DataVersion":3465}