{"stats":{"minecraft:picked_up":{"ecologics:flowering_azalea_log":2,"luminousworld:groundpebbles_1":8,"minecraft:dark_oak_slab":1,"luminousworld:spuds":9,"luminousworld:decorative_brown_2":4,"ecologics:azalea_log":2,"minecraft:spruce_sapling":1,"minecraft:spruce_log":15,"minecraft:dark_oak_log":6,"minecraft:dirt":6,"luminousworld:decorative_brown_mushroom_1":5},"minecraft:used":{"minecraft:wooden_axe":45,"luminousworld:spuds":1,"minecraft:dark_oak_log":3,"minecraft:dirt":1,"minecraft:crafting_table":1,"alexsmobs:animal_dictionary":3},"minecraft:mined":{"minecraft:large_fern":5,"luminousworld:groundpebbles_1":5,"minecraft:dark_oak_slab":1,"minecraft:spruce_log":16,"minecraft:dark_oak_log":6,"luminousworld:mossbuds_3":13,"minecraft:powder_snow":4,"luminousworld:mossbuds_1":1,"luminousworld:mossbuds_2":2,"minecraft:grass_block":2,"minecraft:flowering_azalea_leaves":2,"ecologics:azalea_log":2,"luminousworld:spuds":9,"ecologics:flowering_azalea_log":2,"minecraft:dirt":4,"luminousworld:decorative_brown_mushroom_1":5,"luminousworld:groundpebbles_2":3,"minecraft:azalea_leaves":1,"minecraft:spruce_leaves":13,"luminousworld:decorative_brown_2":4,"minecraft:fern":2},"minecraft:dropped":{"minecraft:spruce_log":5},"minecraft:custom":{"minecraft:time_since_rest":26828,"minecraft:sprint_one_cm":41574,"minecraft:damage_taken":35,"minecraft:walk_one_cm":76307,"minecraft:drop":5,"minecraft:damage_dealt":10,"minecraft:interact_with_crafting_table":1,"minecraft:fly_one_cm":16147,"minecraft:crouch_one_cm":427,"minecraft:play_time":26828,"minecraft:sneak_time":379,"minecraft:jump":210,"minecraft:leave_game":1,"minecraft:time_since_death":26828,"minecraft:total_world_time":26828,"minecraft:fall_one_cm":3145},"minecraft:crafted":{"ecologics:flowering_azalea_planks":8,"minecraft:crafting_table":1,"minecraft:stick":4,"minecraft:wooden_axe":2,"ecologics:azalea_planks":4}},"DataVersion":3465}