{"stats":{"minecraft:killed_by":{"minecraft:vindicator":2},"minecraft:used":{"luminousworld:spuds":1,"minecraft:wooden_pickaxe":53,"minecraft:torch":1,"minecraft:dirt":11,"minecraft:crafting_table":2,"minecraft:wooden_axe":108,"minecraft:dark_oak_log":3,"friendsandfoes:totem_of_illusion":1,"minecraft:bread":5,"minecraft:cobblestone":7,"alexsmobs:animal_dictionary":4,"tombstone:gift":6},"minecraft:killed":{"illagerinvasion:provoker":1,"minecraft:illusioner":1},"minecraft:broken":{"minecraft:wooden_axe":1},"minecraft:picked_up":{"ecologics:flowering_azalea_log":2,"luminousworld:groundpebbles_1":9,"minecraft:crafting_table":2,"luminousworld:decorative_brown_2":8,"minecraft:birch_slab":5,"friendsandfoes:totem_of_illusion":1,"minecraft:wooden_pickaxe":2,"minecraft:enchanted_book":1,"minecraft:gunpowder":1,"minecraft:string":2,"minecraft:paper":22,"minecraft:dirt":17,"tombstone:gift":2,"minecraft:armor_stand":1,"minecraft:white_carpet":1,"minecraft:stone_bricks":3,"minecraft:gray_carpet":3,"minecraft:iron_ingot":6,"minecraft:glass_bottle":1,"minecraft:chest":13,"minecraft:book":15,"minecraft:dark_oak_slab":1,"luminousworld:spuds":10,"ecologics:azalea_log":2,"minecraft:chiseled_stone_bricks":1,"minecraft:copper_ingot":6,"minecraft:torch":19,"minecraft:spruce_sapling":2,"minecraft:spruce_log":16,"minecraft:dark_oak_log":6,"illagerinvasion:illusionary_dust":1,"luminousworld:decorative_brown_mushroom_1":5,"minecraft:arrow":2,"minecraft:emerald":3,"minecraft:chainmail_helmet":1,"minecraft:light_gray_carpet":14,"minecraft:melon_seeds":5,"minecraft:coal":26,"minecraft:cobblestone":35},"minecraft:dropped":{"minecraft:dark_oak_log":3,"minecraft:spruce_log":5,"luminousworld:decorative_brown_2":4},"minecraft:custom":{"minecraft:mob_kills":2,"tombstone:raider_killed":2,"minecraft:interact_with_crafting_table":9,"minecraft:leave_game":2,"minecraft:time_since_death":3407,"minecraft:climb_one_cm":1696,"minecraft:time_since_rest":3055,"minecraft:sprint_one_cm":106757,"minecraft:damage_taken":1133,"minecraft:walk_one_cm":242064,"minecraft:drop":9,"minecraft:damage_dealt":328,"minecraft:fly_one_cm":60803,"minecraft:open_chest":44,"minecraft:play_time":66464,"minecraft:crouch_one_cm":1389,"minecraft:sneak_time":1353,"minecraft:deaths":3,"minecraft:walk_under_water_one_cm":450,"minecraft:jump":535,"minecraft:walk_on_water_one_cm":1353,"minecraft:total_world_time":66464,"minecraft:fall_one_cm":8788},"minecraft:mined":{"luminousworld:groundpebbles_1":6,"minecraft:light_gray_carpet":6,"minecraft:dark_oak_log":6,"minecraft:powder_snow":29,"luminousworld:mossbuds_1":2,"minecraft:crafting_table":1,"minecraft:torch":1,"luminousworld:mossbuds_2":2,"minecraft:grass_block":4,"minecraft:chest":13,"luminousworld:spuds":10,"luminousworld:decorative_brown_mushroom_1":5,"minecraft:cobblestone":1,"minecraft:birch_slab":5,"minecraft:spruce_leaves":16,"minecraft:chiseled_stone_bricks":1,"minecraft:large_fern":5,"minecraft:dark_oak_slab":1,"minecraft:white_carpet":1,"minecraft:spruce_log":17,"luminousworld:mossbuds_3":13,"minecraft:black_carpet":1,"minecraft:bookshelf":2,"minecraft:coal_ore":23,"minecraft:flowering_azalea_leaves":2,"minecraft:vine":1,"ecologics:azalea_log":2,"ecologics:flowering_azalea_log":2,"minecraft:cyan_carpet":1,"minecraft:dirt":10,"minecraft:gray_carpet":2,"luminousworld:groundpebbles_2":3,"minecraft:azalea_leaves":1,"luminousworld:decorative_brown_2":4,"minecraft:stone_bricks":2,"minecraft:stone":22,"minecraft:white_wool":2,"minecraft:fern":2},"minecraft:crafted":{"minecraft:crafting_table":1,"minecraft:spruce_planks":8,"minecraft:wooden_pickaxe":1,"minecraft:bread":1,"ecologics:flowering_azalea_planks":8,"minecraft:stick":12,"minecraft:wooden_axe":2,"ecologics:azalea_planks":4}},"DataVersion":3465}