{"stats":{"minecraft:picked_up":{"ecologics:flowering_azalea_log":2,"luminousworld:groundpebbles_1":9,"minecraft:crafting_table":1,"luminousworld:decorative_brown_2":4,"minecraft:birch_slab":5,"minecraft:wooden_pickaxe":1,"friendsandfoes:totem_of_illusion":1,"minecraft:gunpowder":1,"minecraft:dirt":17,"minecraft:white_carpet":1,"minecraft:stone_bricks":1,"minecraft:gray_carpet":3,"minecraft:chest":1,"minecraft:book":15,"luminousworld:spuds":9,"minecraft:dark_oak_slab":1,"ecologics:azalea_log":2,"minecraft:chiseled_stone_bricks":1,"minecraft:torch":2,"minecraft:spruce_sapling":2,"minecraft:spruce_log":16,"minecraft:dark_oak_log":6,"illagerinvasion:illusionary_dust":1,"luminousworld:decorative_brown_mushroom_1":5,"minecraft:arrow":2,"minecraft:emerald":2,"minecraft:light_gray_carpet":5,"minecraft:coal":26,"minecraft:cobblestone":20},"minecraft:used":{"luminousworld:spuds":1,"minecraft:wooden_pickaxe":50,"minecraft:torch":1,"minecraft:dirt":11,"minecraft:crafting_table":1,"minecraft:wooden_axe":92,"minecraft:dark_oak_log":3,"minecraft:bread":1,"tombstone:gift":2,"alexsmobs:animal_dictionary":4},"minecraft:mined":{"luminousworld:groundpebbles_1":6,"minecraft:light_gray_carpet":6,"minecraft:dark_oak_log":6,"minecraft:powder_snow":29,"luminousworld:mossbuds_1":2,"minecraft:crafting_table":1,"minecraft:torch":1,"luminousworld:mossbuds_2":2,"minecraft:grass_block":4,"luminousworld:spuds":10,"minecraft:chest":1,"luminousworld:decorative_brown_mushroom_1":5,"minecraft:birch_slab":5,"minecraft:spruce_leaves":16,"minecraft:chiseled_stone_bricks":1,"minecraft:large_fern":5,"minecraft:dark_oak_slab":1,"minecraft:white_carpet":1,"minecraft:spruce_log":17,"luminousworld:mossbuds_3":13,"minecraft:black_carpet":1,"minecraft:bookshelf":2,"minecraft:coal_ore":23,"minecraft:flowering_azalea_leaves":2,"minecraft:vine":1,"ecologics:azalea_log":2,"ecologics:flowering_azalea_log":2,"minecraft:cyan_carpet":1,"minecraft:dirt":10,"minecraft:gray_carpet":2,"minecraft:azalea_leaves":1,"luminousworld:groundpebbles_2":3,"luminousworld:decorative_brown_2":4,"minecraft:stone":22,"minecraft:stone_bricks":2,"minecraft:fern":2},"minecraft:dropped":{"minecraft:dark_oak_log":3,"minecraft:spruce_log":5},"minecraft:custom":{"minecraft:mob_kills":1,"tombstone:raider_killed":1,"minecraft:interact_with_crafting_table":5,"minecraft:leave_game":1,"minecraft:time_since_death":1363,"minecraft:climb_one_cm":1696,"minecraft:time_since_rest":618,"minecraft:sprint_one_cm":52038,"minecraft:damage_taken":295,"minecraft:walk_one_cm":195009,"minecraft:drop":8,"minecraft:damage_dealt":188,"minecraft:fly_one_cm":17629,"minecraft:open_chest":5,"minecraft:deaths":1,"minecraft:crouch_one_cm":642,"minecraft:play_time":50828,"minecraft:sneak_time":844,"minecraft:jump":366,"minecraft:total_world_time":50828,"minecraft:fall_one_cm":6324},"minecraft:crafted":{"minecraft:crafting_table":1,"minecraft:spruce_planks":8,"minecraft:wooden_pickaxe":1,"minecraft:bread":1,"ecologics:flowering_azalea_planks":8,"minecraft:stick":12,"minecraft:wooden_axe":2,"ecologics:azalea_planks":4},"minecraft:killed":{"minecraft:illusioner":1}},"DataVersion":3465}