{"stats":{"minecraft:picked_up":{"ecologics:flowering_azalea_log":2,"luminousworld:groundpebbles_1":9,"minecraft:dark_oak_slab":1,"luminousworld:spuds":9,"luminousworld:decorative_brown_2":4,"ecologics:azalea_log":2,"minecraft:chiseled_stone_bricks":1,"minecraft:torch":2,"minecraft:spruce_sapling":2,"minecraft:spruce_log":15,"minecraft:dark_oak_log":6,"minecraft:dirt":9,"luminousworld:decorative_brown_mushroom_1":5,"minecraft:stone_bricks":1,"minecraft:coal":6,"minecraft:cobblestone":9},"minecraft:used":{"minecraft:wooden_axe":64,"luminousworld:spuds":1,"minecraft:dark_oak_log":3,"minecraft:wooden_pickaxe":15,"minecraft:torch":1,"minecraft:dirt":2,"minecraft:crafting_table":1,"alexsmobs:animal_dictionary":4},"minecraft:mined":{"minecraft:large_fern":5,"luminousworld:groundpebbles_1":6,"minecraft:dark_oak_slab":1,"minecraft:spruce_log":16,"minecraft:dark_oak_log":6,"luminousworld:mossbuds_3":13,"minecraft:powder_snow":19,"luminousworld:mossbuds_1":2,"minecraft:torch":1,"luminousworld:mossbuds_2":2,"minecraft:coal_ore":3,"minecraft:grass_block":2,"minecraft:flowering_azalea_leaves":2,"ecologics:azalea_log":2,"luminousworld:spuds":10,"ecologics:flowering_azalea_log":2,"minecraft:dirt":4,"luminousworld:decorative_brown_mushroom_1":5,"minecraft:stone_bricks":1,"minecraft:stone":10,"luminousworld:groundpebbles_2":3,"minecraft:azalea_leaves":1,"minecraft:spruce_leaves":13,"luminousworld:decorative_brown_2":4,"minecraft:fern":2,"minecraft:chiseled_stone_bricks":1},"minecraft:dropped":{"minecraft:dark_oak_log":3,"minecraft:spruce_log":5},"minecraft:custom":{"minecraft:time_since_rest":38828,"minecraft:sprint_one_cm":42274,"minecraft:damage_taken":35,"minecraft:walk_one_cm":121211,"minecraft:drop":8,"minecraft:damage_dealt":30,"minecraft:interact_with_crafting_table":4,"minecraft:fly_one_cm":16357,"minecraft:crouch_one_cm":427,"minecraft:play_time":38828,"minecraft:sneak_time":382,"minecraft:jump":287,"minecraft:leave_game":1,"minecraft:time_since_death":38828,"minecraft:total_world_time":38828,"minecraft:fall_one_cm":3981},"minecraft:crafted":{"ecologics:flowering_azalea_planks":8,"minecraft:crafting_table":1,"minecraft:spruce_planks":8,"minecraft:stick":12,"minecraft:wooden_pickaxe":1,"minecraft:wooden_axe":2,"ecologics:azalea_planks":4}},"DataVersion":3465}